Tree type;Tree order;Int keys count;Data file path;Searched name
B_TREE;50;50;..\samples\btrees\data_csv_files\25000_equal_names.csv;U32KpgMqln5vKB03AKCWktQBoEg1VJLgranJvYOMLt
B_TREE;100;50;..\samples\btrees\data_csv_files\25000_equal_names.csv;U32KpgMqln5vKB03AKCWktQBoEg1VJLgranJvYOMLt
B_TREE;500;50;..\samples\btrees\data_csv_files\25000_equal_names.csv;U32KpgMqln5vKB03AKCWktQBoEg1VJLgranJvYOMLt
B_TREE;1000;50;..\samples\btrees\data_csv_files\25000_equal_names.csv;U32KpgMqln5vKB03AKCWktQBoEg1VJLgranJvYOMLt
B_TREE;1500;50;..\samples\btrees\data_csv_files\25000_equal_names.csv;U32KpgMqln5vKB03AKCWktQBoEg1VJLgranJvYOMLt
B_TREE;2000;50;..\samples\btrees\data_csv_files\25000_equal_names.csv;U32KpgMqln5vKB03AKCWktQBoEg1VJLgranJvYOMLt
B_PLUS_TREE;50;50;..\samples\btrees\data_csv_files\25000_equal_names.csv;U32KpgMqln5vKB03AKCWktQBoEg1VJLgranJvYOMLt
B_PLUS_TREE;100;50;..\samples\btrees\data_csv_files\25000_equal_names.csv;U32KpgMqln5vKB03AKCWktQBoEg1VJLgranJvYOMLt
B_PLUS_TREE;500;50;..\samples\btrees\data_csv_files\25000_equal_names.csv;U32KpgMqln5vKB03AKCWktQBoEg1VJLgranJvYOMLt
B_PLUS_TREE;1000;50;..\samples\btrees\data_csv_files\25000_equal_names.csv;U32KpgMqln5vKB03AKCWktQBoEg1VJLgranJvYOMLt
B_PLUS_TREE;1500;50;..\samples\btrees\data_csv_files\25000_equal_names.csv;U32KpgMqln5vKB03AKCWktQBoEg1VJLgranJvYOMLt
B_PLUS_TREE;2000;50;..\samples\btrees\data_csv_files\25000_equal_names.csv;U32KpgMqln5vKB03AKCWktQBoEg1VJLgranJvYOMLt
B_STAR_TREE;50;50;..\samples\btrees\data_csv_files\25000_equal_names.csv;U32KpgMqln5vKB03AKCWktQBoEg1VJLgranJvYOMLt
B_STAR_TREE;100;50;..\samples\btrees\data_csv_files\25000_equal_names.csv;U32KpgMqln5vKB03AKCWktQBoEg1VJLgranJvYOMLt
B_STAR_TREE;500;50;..\samples\btrees\data_csv_files\25000_equal_names.csv;U32KpgMqln5vKB03AKCWktQBoEg1VJLgranJvYOMLt
B_STAR_TREE;1000;50;..\samples\btrees\data_csv_files\25000_equal_names.csv;U32KpgMqln5vKB03AKCWktQBoEg1VJLgranJvYOMLt
B_STAR_TREE;1500;50;..\samples\btrees\data_csv_files\25000_equal_names.csv;U32KpgMqln5vKB03AKCWktQBoEg1VJLgranJvYOMLt
B_STAR_TREE;2000;50;..\samples\btrees\data_csv_files\25000_equal_names.csv;U32KpgMqln5vKB03AKCWktQBoEg1VJLgranJvYOMLt
B_STAR_PLUS_TREE;50;50;..\samples\btrees\data_csv_files\25000_equal_names.csv;U32KpgMqln5vKB03AKCWktQBoEg1VJLgranJvYOMLt
B_STAR_PLUS_TREE;100;50;..\samples\btrees\data_csv_files\25000_equal_names.csv;U32KpgMqln5vKB03AKCWktQBoEg1VJLgranJvYOMLt
B_STAR_PLUS_TREE;500;50;..\samples\btrees\data_csv_files\25000_equal_names.csv;U32KpgMqln5vKB03AKCWktQBoEg1VJLgranJvYOMLt
B_STAR_PLUS_TREE;1000;50;..\samples\btrees\data_csv_files\25000_equal_names.csv;U32KpgMqln5vKB03AKCWktQBoEg1VJLgranJvYOMLt
B_STAR_PLUS_TREE;1500;50;..\samples\btrees\data_csv_files\25000_equal_names.csv;U32KpgMqln5vKB03AKCWktQBoEg1VJLgranJvYOMLt
B_STAR_PLUS_TREE;2000;50;..\samples\btrees\data_csv_files\25000_equal_names.csv;U32KpgMqln5vKB03AKCWktQBoEg1VJLgranJvYOMLt
B_TREE;50;50;..\samples\btrees\data_csv_files\25000_partially_equal_names.csv;SMblhgCmz4lmD6a6gxfUMPM2oWexhA8MUzSWNWtT9
B_TREE;100;50;..\samples\btrees\data_csv_files\25000_partially_equal_names.csv;SMblhgCmz4lmD6a6gxfUMPM2oWexhA8MUzSWNWtT9
B_TREE;500;50;..\samples\btrees\data_csv_files\25000_partially_equal_names.csv;SMblhgCmz4lmD6a6gxfUMPM2oWexhA8MUzSWNWtT9
B_TREE;1000;50;..\samples\btrees\data_csv_files\25000_partially_equal_names.csv;SMblhgCmz4lmD6a6gxfUMPM2oWexhA8MUzSWNWtT9
B_TREE;1500;50;..\samples\btrees\data_csv_files\25000_partially_equal_names.csv;SMblhgCmz4lmD6a6gxfUMPM2oWexhA8MUzSWNWtT9
B_TREE;2000;50;..\samples\btrees\data_csv_files\25000_partially_equal_names.csv;SMblhgCmz4lmD6a6gxfUMPM2oWexhA8MUzSWNWtT9
B_PLUS_TREE;50;50;..\samples\btrees\data_csv_files\25000_partially_equal_names.csv;SMblhgCmz4lmD6a6gxfUMPM2oWexhA8MUzSWNWtT9
B_PLUS_TREE;100;50;..\samples\btrees\data_csv_files\25000_partially_equal_names.csv;SMblhgCmz4lmD6a6gxfUMPM2oWexhA8MUzSWNWtT9
B_PLUS_TREE;500;50;..\samples\btrees\data_csv_files\25000_partially_equal_names.csv;SMblhgCmz4lmD6a6gxfUMPM2oWexhA8MUzSWNWtT9
B_PLUS_TREE;1000;50;..\samples\btrees\data_csv_files\25000_partially_equal_names.csv;SMblhgCmz4lmD6a6gxfUMPM2oWexhA8MUzSWNWtT9
B_PLUS_TREE;1500;50;..\samples\btrees\data_csv_files\25000_partially_equal_names.csv;SMblhgCmz4lmD6a6gxfUMPM2oWexhA8MUzSWNWtT9
B_PLUS_TREE;2000;50;..\samples\btrees\data_csv_files\25000_partially_equal_names.csv;SMblhgCmz4lmD6a6gxfUMPM2oWexhA8MUzSWNWtT9
B_STAR_TREE;50;50;..\samples\btrees\data_csv_files\25000_partially_equal_names.csv;SMblhgCmz4lmD6a6gxfUMPM2oWexhA8MUzSWNWtT9
B_STAR_TREE;100;50;..\samples\btrees\data_csv_files\25000_partially_equal_names.csv;SMblhgCmz4lmD6a6gxfUMPM2oWexhA8MUzSWNWtT9
B_STAR_TREE;500;50;..\samples\btrees\data_csv_files\25000_partially_equal_names.csv;SMblhgCmz4lmD6a6gxfUMPM2oWexhA8MUzSWNWtT9
B_STAR_TREE;1000;50;..\samples\btrees\data_csv_files\25000_partially_equal_names.csv;SMblhgCmz4lmD6a6gxfUMPM2oWexhA8MUzSWNWtT9
B_STAR_TREE;1500;50;..\samples\btrees\data_csv_files\25000_partially_equal_names.csv;SMblhgCmz4lmD6a6gxfUMPM2oWexhA8MUzSWNWtT9
B_STAR_TREE;2000;50;..\samples\btrees\data_csv_files\25000_partially_equal_names.csv;SMblhgCmz4lmD6a6gxfUMPM2oWexhA8MUzSWNWtT9
B_STAR_PLUS_TREE;50;50;..\samples\btrees\data_csv_files\25000_partially_equal_names.csv;SMblhgCmz4lmD6a6gxfUMPM2oWexhA8MUzSWNWtT9
B_STAR_PLUS_TREE;100;50;..\samples\btrees\data_csv_files\25000_partially_equal_names.csv;SMblhgCmz4lmD6a6gxfUMPM2oWexhA8MUzSWNWtT9
B_STAR_PLUS_TREE;500;50;..\samples\btrees\data_csv_files\25000_partially_equal_names.csv;SMblhgCmz4lmD6a6gxfUMPM2oWexhA8MUzSWNWtT9
B_STAR_PLUS_TREE;1000;50;..\samples\btrees\data_csv_files\25000_partially_equal_names.csv;SMblhgCmz4lmD6a6gxfUMPM2oWexhA8MUzSWNWtT9
B_STAR_PLUS_TREE;1500;50;..\samples\btrees\data_csv_files\25000_partially_equal_names.csv;SMblhgCmz4lmD6a6gxfUMPM2oWexhA8MUzSWNWtT9
B_STAR_PLUS_TREE;2000;50;..\samples\btrees\data_csv_files\25000_partially_equal_names.csv;SMblhgCmz4lmD6a6gxfUMPM2oWexhA8MUzSWNWtT9
B_TREE;50;50;..\samples\btrees\data_csv_files\25000_different_names.csv;1u1N47Eq1uL4PEmlAOuiclOCVMDBCfvEJCb2JY7N1m
B_TREE;100;50;..\samples\btrees\data_csv_files\25000_different_names.csv;1u1N47Eq1uL4PEmlAOuiclOCVMDBCfvEJCb2JY7N1m
B_TREE;500;50;..\samples\btrees\data_csv_files\25000_different_names.csv;1u1N47Eq1uL4PEmlAOuiclOCVMDBCfvEJCb2JY7N1m
B_TREE;1000;50;..\samples\btrees\data_csv_files\25000_different_names.csv;1u1N47Eq1uL4PEmlAOuiclOCVMDBCfvEJCb2JY7N1m
B_TREE;1500;50;..\samples\btrees\data_csv_files\25000_different_names.csv;1u1N47Eq1uL4PEmlAOuiclOCVMDBCfvEJCb2JY7N1m
B_TREE;2000;50;..\samples\btrees\data_csv_files\25000_different_names.csv;1u1N47Eq1uL4PEmlAOuiclOCVMDBCfvEJCb2JY7N1m
B_PLUS_TREE;50;50;..\samples\btrees\data_csv_files\25000_different_names.csv;1u1N47Eq1uL4PEmlAOuiclOCVMDBCfvEJCb2JY7N1m
B_PLUS_TREE;100;50;..\samples\btrees\data_csv_files\25000_different_names.csv;1u1N47Eq1uL4PEmlAOuiclOCVMDBCfvEJCb2JY7N1m
B_PLUS_TREE;500;50;..\samples\btrees\data_csv_files\25000_different_names.csv;1u1N47Eq1uL4PEmlAOuiclOCVMDBCfvEJCb2JY7N1m
B_PLUS_TREE;1000;50;..\samples\btrees\data_csv_files\25000_different_names.csv;1u1N47Eq1uL4PEmlAOuiclOCVMDBCfvEJCb2JY7N1m
B_PLUS_TREE;1500;50;..\samples\btrees\data_csv_files\25000_different_names.csv;1u1N47Eq1uL4PEmlAOuiclOCVMDBCfvEJCb2JY7N1m
B_PLUS_TREE;2000;50;..\samples\btrees\data_csv_files\25000_different_names.csv;1u1N47Eq1uL4PEmlAOuiclOCVMDBCfvEJCb2JY7N1m
B_STAR_TREE;50;50;..\samples\btrees\data_csv_files\25000_different_names.csv;1u1N47Eq1uL4PEmlAOuiclOCVMDBCfvEJCb2JY7N1m
B_STAR_TREE;100;50;..\samples\btrees\data_csv_files\25000_different_names.csv;1u1N47Eq1uL4PEmlAOuiclOCVMDBCfvEJCb2JY7N1m
B_STAR_TREE;500;50;..\samples\btrees\data_csv_files\25000_different_names.csv;1u1N47Eq1uL4PEmlAOuiclOCVMDBCfvEJCb2JY7N1m
B_STAR_TREE;1000;50;..\samples\btrees\data_csv_files\25000_different_names.csv;1u1N47Eq1uL4PEmlAOuiclOCVMDBCfvEJCb2JY7N1m
B_STAR_TREE;1500;50;..\samples\btrees\data_csv_files\25000_different_names.csv;1u1N47Eq1uL4PEmlAOuiclOCVMDBCfvEJCb2JY7N1m
B_STAR_TREE;2000;50;..\samples\btrees\data_csv_files\25000_different_names.csv;1u1N47Eq1uL4PEmlAOuiclOCVMDBCfvEJCb2JY7N1m
B_STAR_PLUS_TREE;50;50;..\samples\btrees\data_csv_files\25000_different_names.csv;1u1N47Eq1uL4PEmlAOuiclOCVMDBCfvEJCb2JY7N1m
B_STAR_PLUS_TREE;100;50;..\samples\btrees\data_csv_files\25000_different_names.csv;1u1N47Eq1uL4PEmlAOuiclOCVMDBCfvEJCb2JY7N1m
B_STAR_PLUS_TREE;500;50;..\samples\btrees\data_csv_files\25000_different_names.csv;1u1N47Eq1uL4PEmlAOuiclOCVMDBCfvEJCb2JY7N1m
B_STAR_PLUS_TREE;1000;50;..\samples\btrees\data_csv_files\25000_different_names.csv;1u1N47Eq1uL4PEmlAOuiclOCVMDBCfvEJCb2JY7N1m
B_STAR_PLUS_TREE;1500;50;..\samples\btrees\data_csv_files\25000_different_names.csv;1u1N47Eq1uL4PEmlAOuiclOCVMDBCfvEJCb2JY7N1m
B_STAR_PLUS_TREE;2000;50;..\samples\btrees\data_csv_files\25000_different_names.csv;1u1N47Eq1uL4PEmlAOuiclOCVMDBCfvEJCb2JY7N1m
B_TREE;50;50;..\samples\btrees\data_csv_files\50000_equal_names.csv;YfbHY0mNrCkcchHGjnGowUdXblvP7lz3zh6HYj4WBX
B_TREE;100;50;..\samples\btrees\data_csv_files\50000_equal_names.csv;YfbHY0mNrCkcchHGjnGowUdXblvP7lz3zh6HYj4WBX
B_TREE;500;50;..\samples\btrees\data_csv_files\50000_equal_names.csv;YfbHY0mNrCkcchHGjnGowUdXblvP7lz3zh6HYj4WBX
B_TREE;1000;50;..\samples\btrees\data_csv_files\50000_equal_names.csv;YfbHY0mNrCkcchHGjnGowUdXblvP7lz3zh6HYj4WBX
B_TREE;1500;50;..\samples\btrees\data_csv_files\50000_equal_names.csv;YfbHY0mNrCkcchHGjnGowUdXblvP7lz3zh6HYj4WBX
B_TREE;2000;50;..\samples\btrees\data_csv_files\50000_equal_names.csv;YfbHY0mNrCkcchHGjnGowUdXblvP7lz3zh6HYj4WBX
B_PLUS_TREE;50;50;..\samples\btrees\data_csv_files\50000_equal_names.csv;YfbHY0mNrCkcchHGjnGowUdXblvP7lz3zh6HYj4WBX
B_PLUS_TREE;100;50;..\samples\btrees\data_csv_files\50000_equal_names.csv;YfbHY0mNrCkcchHGjnGowUdXblvP7lz3zh6HYj4WBX
B_PLUS_TREE;500;50;..\samples\btrees\data_csv_files\50000_equal_names.csv;YfbHY0mNrCkcchHGjnGowUdXblvP7lz3zh6HYj4WBX
B_PLUS_TREE;1000;50;..\samples\btrees\data_csv_files\50000_equal_names.csv;YfbHY0mNrCkcchHGjnGowUdXblvP7lz3zh6HYj4WBX
B_PLUS_TREE;1500;50;..\samples\btrees\data_csv_files\50000_equal_names.csv;YfbHY0mNrCkcchHGjnGowUdXblvP7lz3zh6HYj4WBX
B_PLUS_TREE;2000;50;..\samples\btrees\data_csv_files\50000_equal_names.csv;YfbHY0mNrCkcchHGjnGowUdXblvP7lz3zh6HYj4WBX
B_STAR_TREE;50;50;..\samples\btrees\data_csv_files\50000_equal_names.csv;YfbHY0mNrCkcchHGjnGowUdXblvP7lz3zh6HYj4WBX
B_STAR_TREE;100;50;..\samples\btrees\data_csv_files\50000_equal_names.csv;YfbHY0mNrCkcchHGjnGowUdXblvP7lz3zh6HYj4WBX
B_STAR_TREE;500;50;..\samples\btrees\data_csv_files\50000_equal_names.csv;YfbHY0mNrCkcchHGjnGowUdXblvP7lz3zh6HYj4WBX
B_STAR_TREE;1000;50;..\samples\btrees\data_csv_files\50000_equal_names.csv;YfbHY0mNrCkcchHGjnGowUdXblvP7lz3zh6HYj4WBX
B_STAR_TREE;1500;50;..\samples\btrees\data_csv_files\50000_equal_names.csv;YfbHY0mNrCkcchHGjnGowUdXblvP7lz3zh6HYj4WBX
B_STAR_TREE;2000;50;..\samples\btrees\data_csv_files\50000_equal_names.csv;YfbHY0mNrCkcchHGjnGowUdXblvP7lz3zh6HYj4WBX
B_STAR_PLUS_TREE;50;50;..\samples\btrees\data_csv_files\50000_equal_names.csv;YfbHY0mNrCkcchHGjnGowUdXblvP7lz3zh6HYj4WBX
B_STAR_PLUS_TREE;100;50;..\samples\btrees\data_csv_files\50000_equal_names.csv;YfbHY0mNrCkcchHGjnGowUdXblvP7lz3zh6HYj4WBX
B_STAR_PLUS_TREE;500;50;..\samples\btrees\data_csv_files\50000_equal_names.csv;YfbHY0mNrCkcchHGjnGowUdXblvP7lz3zh6HYj4WBX
B_STAR_PLUS_TREE;1000;50;..\samples\btrees\data_csv_files\50000_equal_names.csv;YfbHY0mNrCkcchHGjnGowUdXblvP7lz3zh6HYj4WBX
B_STAR_PLUS_TREE;1500;50;..\samples\btrees\data_csv_files\50000_equal_names.csv;YfbHY0mNrCkcchHGjnGowUdXblvP7lz3zh6HYj4WBX
B_STAR_PLUS_TREE;2000;50;..\samples\btrees\data_csv_files\50000_equal_names.csv;YfbHY0mNrCkcchHGjnGowUdXblvP7lz3zh6HYj4WBX
B_TREE;50;50;..\samples\btrees\data_csv_files\50000_partially_equal_names.csv;7JaUwyx5HX2o07i3wJcpg3zqXlaW5GehMCjIHwSa3
B_TREE;100;50;..\samples\btrees\data_csv_files\50000_partially_equal_names.csv;7JaUwyx5HX2o07i3wJcpg3zqXlaW5GehMCjIHwSa3
B_TREE;500;50;..\samples\btrees\data_csv_files\50000_partially_equal_names.csv;7JaUwyx5HX2o07i3wJcpg3zqXlaW5GehMCjIHwSa3
B_TREE;1000;50;..\samples\btrees\data_csv_files\50000_partially_equal_names.csv;7JaUwyx5HX2o07i3wJcpg3zqXlaW5GehMCjIHwSa3
B_TREE;1500;50;..\samples\btrees\data_csv_files\50000_partially_equal_names.csv;7JaUwyx5HX2o07i3wJcpg3zqXlaW5GehMCjIHwSa3
B_TREE;2000;50;..\samples\btrees\data_csv_files\50000_partially_equal_names.csv;7JaUwyx5HX2o07i3wJcpg3zqXlaW5GehMCjIHwSa3
B_PLUS_TREE;50;50;..\samples\btrees\data_csv_files\50000_partially_equal_names.csv;7JaUwyx5HX2o07i3wJcpg3zqXlaW5GehMCjIHwSa3
B_PLUS_TREE;100;50;..\samples\btrees\data_csv_files\50000_partially_equal_names.csv;7JaUwyx5HX2o07i3wJcpg3zqXlaW5GehMCjIHwSa3
B_PLUS_TREE;500;50;..\samples\btrees\data_csv_files\50000_partially_equal_names.csv;7JaUwyx5HX2o07i3wJcpg3zqXlaW5GehMCjIHwSa3
B_PLUS_TREE;1000;50;..\samples\btrees\data_csv_files\50000_partially_equal_names.csv;7JaUwyx5HX2o07i3wJcpg3zqXlaW5GehMCjIHwSa3
B_PLUS_TREE;1500;50;..\samples\btrees\data_csv_files\50000_partially_equal_names.csv;7JaUwyx5HX2o07i3wJcpg3zqXlaW5GehMCjIHwSa3
B_PLUS_TREE;2000;50;..\samples\btrees\data_csv_files\50000_partially_equal_names.csv;7JaUwyx5HX2o07i3wJcpg3zqXlaW5GehMCjIHwSa3
B_STAR_TREE;50;50;..\samples\btrees\data_csv_files\50000_partially_equal_names.csv;7JaUwyx5HX2o07i3wJcpg3zqXlaW5GehMCjIHwSa3
B_STAR_TREE;100;50;..\samples\btrees\data_csv_files\50000_partially_equal_names.csv;7JaUwyx5HX2o07i3wJcpg3zqXlaW5GehMCjIHwSa3
B_STAR_TREE;500;50;..\samples\btrees\data_csv_files\50000_partially_equal_names.csv;7JaUwyx5HX2o07i3wJcpg3zqXlaW5GehMCjIHwSa3
B_STAR_TREE;1000;50;..\samples\btrees\data_csv_files\50000_partially_equal_names.csv;7JaUwyx5HX2o07i3wJcpg3zqXlaW5GehMCjIHwSa3
B_STAR_TREE;1500;50;..\samples\btrees\data_csv_files\50000_partially_equal_names.csv;7JaUwyx5HX2o07i3wJcpg3zqXlaW5GehMCjIHwSa3
B_STAR_TREE;2000;50;..\samples\btrees\data_csv_files\50000_partially_equal_names.csv;7JaUwyx5HX2o07i3wJcpg3zqXlaW5GehMCjIHwSa3
B_STAR_PLUS_TREE;50;50;..\samples\btrees\data_csv_files\50000_partially_equal_names.csv;7JaUwyx5HX2o07i3wJcpg3zqXlaW5GehMCjIHwSa3
B_STAR_PLUS_TREE;100;50;..\samples\btrees\data_csv_files\50000_partially_equal_names.csv;7JaUwyx5HX2o07i3wJcpg3zqXlaW5GehMCjIHwSa3
B_STAR_PLUS_TREE;500;50;..\samples\btrees\data_csv_files\50000_partially_equal_names.csv;7JaUwyx5HX2o07i3wJcpg3zqXlaW5GehMCjIHwSa3
B_STAR_PLUS_TREE;1000;50;..\samples\btrees\data_csv_files\50000_partially_equal_names.csv;7JaUwyx5HX2o07i3wJcpg3zqXlaW5GehMCjIHwSa3
B_STAR_PLUS_TREE;1500;50;..\samples\btrees\data_csv_files\50000_partially_equal_names.csv;7JaUwyx5HX2o07i3wJcpg3zqXlaW5GehMCjIHwSa3
B_STAR_PLUS_TREE;2000;50;..\samples\btrees\data_csv_files\50000_partially_equal_names.csv;7JaUwyx5HX2o07i3wJcpg3zqXlaW5GehMCjIHwSa3
B_TREE;50;50;..\samples\btrees\data_csv_files\50000_different_names.csv;QQVKxfjmPfvuqqt2Iwr6R2QbwiET60CDCyqBWjAG
B_TREE;100;50;..\samples\btrees\data_csv_files\50000_different_names.csv;QQVKxfjmPfvuqqt2Iwr6R2QbwiET60CDCyqBWjAG
B_TREE;500;50;..\samples\btrees\data_csv_files\50000_different_names.csv;QQVKxfjmPfvuqqt2Iwr6R2QbwiET60CDCyqBWjAG
B_TREE;1000;50;..\samples\btrees\data_csv_files\50000_different_names.csv;QQVKxfjmPfvuqqt2Iwr6R2QbwiET60CDCyqBWjAG
B_TREE;1500;50;..\samples\btrees\data_csv_files\50000_different_names.csv;QQVKxfjmPfvuqqt2Iwr6R2QbwiET60CDCyqBWjAG
B_TREE;2000;50;..\samples\btrees\data_csv_files\50000_different_names.csv;QQVKxfjmPfvuqqt2Iwr6R2QbwiET60CDCyqBWjAG
B_PLUS_TREE;50;50;..\samples\btrees\data_csv_files\50000_different_names.csv;QQVKxfjmPfvuqqt2Iwr6R2QbwiET60CDCyqBWjAG
B_PLUS_TREE;100;50;..\samples\btrees\data_csv_files\50000_different_names.csv;QQVKxfjmPfvuqqt2Iwr6R2QbwiET60CDCyqBWjAG
B_PLUS_TREE;500;50;..\samples\btrees\data_csv_files\50000_different_names.csv;QQVKxfjmPfvuqqt2Iwr6R2QbwiET60CDCyqBWjAG
B_PLUS_TREE;1000;50;..\samples\btrees\data_csv_files\50000_different_names.csv;QQVKxfjmPfvuqqt2Iwr6R2QbwiET60CDCyqBWjAG
B_PLUS_TREE;1500;50;..\samples\btrees\data_csv_files\50000_different_names.csv;QQVKxfjmPfvuqqt2Iwr6R2QbwiET60CDCyqBWjAG
B_PLUS_TREE;2000;50;..\samples\btrees\data_csv_files\50000_different_names.csv;QQVKxfjmPfvuqqt2Iwr6R2QbwiET60CDCyqBWjAG
B_STAR_TREE;50;50;..\samples\btrees\data_csv_files\50000_different_names.csv;QQVKxfjmPfvuqqt2Iwr6R2QbwiET60CDCyqBWjAG
B_STAR_TREE;100;50;..\samples\btrees\data_csv_files\50000_different_names.csv;QQVKxfjmPfvuqqt2Iwr6R2QbwiET60CDCyqBWjAG
B_STAR_TREE;500;50;..\samples\btrees\data_csv_files\50000_different_names.csv;QQVKxfjmPfvuqqt2Iwr6R2QbwiET60CDCyqBWjAG
B_STAR_TREE;1000;50;..\samples\btrees\data_csv_files\50000_different_names.csv;QQVKxfjmPfvuqqt2Iwr6R2QbwiET60CDCyqBWjAG
B_STAR_TREE;1500;50;..\samples\btrees\data_csv_files\50000_different_names.csv;QQVKxfjmPfvuqqt2Iwr6R2QbwiET60CDCyqBWjAG
B_STAR_TREE;2000;50;..\samples\btrees\data_csv_files\50000_different_names.csv;QQVKxfjmPfvuqqt2Iwr6R2QbwiET60CDCyqBWjAG
B_STAR_PLUS_TREE;50;50;..\samples\btrees\data_csv_files\50000_different_names.csv;QQVKxfjmPfvuqqt2Iwr6R2QbwiET60CDCyqBWjAG
B_STAR_PLUS_TREE;100;50;..\samples\btrees\data_csv_files\50000_different_names.csv;QQVKxfjmPfvuqqt2Iwr6R2QbwiET60CDCyqBWjAG
B_STAR_PLUS_TREE;500;50;..\samples\btrees\data_csv_files\50000_different_names.csv;QQVKxfjmPfvuqqt2Iwr6R2QbwiET60CDCyqBWjAG
B_STAR_PLUS_TREE;1000;50;..\samples\btrees\data_csv_files\50000_different_names.csv;QQVKxfjmPfvuqqt2Iwr6R2QbwiET60CDCyqBWjAG
B_STAR_PLUS_TREE;1500;50;..\samples\btrees\data_csv_files\50000_different_names.csv;QQVKxfjmPfvuqqt2Iwr6R2QbwiET60CDCyqBWjAG
B_STAR_PLUS_TREE;2000;50;..\samples\btrees\data_csv_files\50000_different_names.csv;QQVKxfjmPfvuqqt2Iwr6R2QbwiET60CDCyqBWjAG
B_TREE;50;50;..\samples\btrees\data_csv_files\75000_equal_names.csv;elbxsfaZu930JrXZyTNUCxAD3i7KDmFw62qFgvJ5rx
B_TREE;100;50;..\samples\btrees\data_csv_files\75000_equal_names.csv;elbxsfaZu930JrXZyTNUCxAD3i7KDmFw62qFgvJ5rx
B_TREE;500;50;..\samples\btrees\data_csv_files\75000_equal_names.csv;elbxsfaZu930JrXZyTNUCxAD3i7KDmFw62qFgvJ5rx
B_TREE;1000;50;..\samples\btrees\data_csv_files\75000_equal_names.csv;elbxsfaZu930JrXZyTNUCxAD3i7KDmFw62qFgvJ5rx
B_TREE;1500;50;..\samples\btrees\data_csv_files\75000_equal_names.csv;elbxsfaZu930JrXZyTNUCxAD3i7KDmFw62qFgvJ5rx
B_TREE;2000;50;..\samples\btrees\data_csv_files\75000_equal_names.csv;elbxsfaZu930JrXZyTNUCxAD3i7KDmFw62qFgvJ5rx
B_PLUS_TREE;50;50;..\samples\btrees\data_csv_files\75000_equal_names.csv;elbxsfaZu930JrXZyTNUCxAD3i7KDmFw62qFgvJ5rx
B_PLUS_TREE;100;50;..\samples\btrees\data_csv_files\75000_equal_names.csv;elbxsfaZu930JrXZyTNUCxAD3i7KDmFw62qFgvJ5rx
B_PLUS_TREE;500;50;..\samples\btrees\data_csv_files\75000_equal_names.csv;elbxsfaZu930JrXZyTNUCxAD3i7KDmFw62qFgvJ5rx
B_PLUS_TREE;1000;50;..\samples\btrees\data_csv_files\75000_equal_names.csv;elbxsfaZu930JrXZyTNUCxAD3i7KDmFw62qFgvJ5rx
B_PLUS_TREE;1500;50;..\samples\btrees\data_csv_files\75000_equal_names.csv;elbxsfaZu930JrXZyTNUCxAD3i7KDmFw62qFgvJ5rx
B_PLUS_TREE;2000;50;..\samples\btrees\data_csv_files\75000_equal_names.csv;elbxsfaZu930JrXZyTNUCxAD3i7KDmFw62qFgvJ5rx
B_STAR_TREE;50;50;..\samples\btrees\data_csv_files\75000_equal_names.csv;elbxsfaZu930JrXZyTNUCxAD3i7KDmFw62qFgvJ5rx
B_STAR_TREE;100;50;..\samples\btrees\data_csv_files\75000_equal_names.csv;elbxsfaZu930JrXZyTNUCxAD3i7KDmFw62qFgvJ5rx
B_STAR_TREE;500;50;..\samples\btrees\data_csv_files\75000_equal_names.csv;elbxsfaZu930JrXZyTNUCxAD3i7KDmFw62qFgvJ5rx
B_STAR_TREE;1000;50;..\samples\btrees\data_csv_files\75000_equal_names.csv;elbxsfaZu930JrXZyTNUCxAD3i7KDmFw62qFgvJ5rx
B_STAR_TREE;1500;50;..\samples\btrees\data_csv_files\75000_equal_names.csv;elbxsfaZu930JrXZyTNUCxAD3i7KDmFw62qFgvJ5rx
B_STAR_TREE;2000;50;..\samples\btrees\data_csv_files\75000_equal_names.csv;elbxsfaZu930JrXZyTNUCxAD3i7KDmFw62qFgvJ5rx
B_STAR_PLUS_TREE;50;50;..\samples\btrees\data_csv_files\75000_equal_names.csv;elbxsfaZu930JrXZyTNUCxAD3i7KDmFw62qFgvJ5rx
B_STAR_PLUS_TREE;100;50;..\samples\btrees\data_csv_files\75000_equal_names.csv;elbxsfaZu930JrXZyTNUCxAD3i7KDmFw62qFgvJ5rx
B_STAR_PLUS_TREE;500;50;..\samples\btrees\data_csv_files\75000_equal_names.csv;elbxsfaZu930JrXZyTNUCxAD3i7KDmFw62qFgvJ5rx
B_STAR_PLUS_TREE;1000;50;..\samples\btrees\data_csv_files\75000_equal_names.csv;elbxsfaZu930JrXZyTNUCxAD3i7KDmFw62qFgvJ5rx
B_STAR_PLUS_TREE;1500;50;..\samples\btrees\data_csv_files\75000_equal_names.csv;elbxsfaZu930JrXZyTNUCxAD3i7KDmFw62qFgvJ5rx
B_STAR_PLUS_TREE;2000;50;..\samples\btrees\data_csv_files\75000_equal_names.csv;elbxsfaZu930JrXZyTNUCxAD3i7KDmFw62qFgvJ5rx
B_TREE;50;50;..\samples\btrees\data_csv_files\75000_partially_equal_names.csv;EYKZoTFkVIJKPOdKLbmz5QbEtoqiIdQF9I48eC9f9i
B_TREE;100;50;..\samples\btrees\data_csv_files\75000_partially_equal_names.csv;EYKZoTFkVIJKPOdKLbmz5QbEtoqiIdQF9I48eC9f9i
B_TREE;500;50;..\samples\btrees\data_csv_files\75000_partially_equal_names.csv;EYKZoTFkVIJKPOdKLbmz5QbEtoqiIdQF9I48eC9f9i
B_TREE;1000;50;..\samples\btrees\data_csv_files\75000_partially_equal_names.csv;EYKZoTFkVIJKPOdKLbmz5QbEtoqiIdQF9I48eC9f9i
B_TREE;1500;50;..\samples\btrees\data_csv_files\75000_partially_equal_names.csv;EYKZoTFkVIJKPOdKLbmz5QbEtoqiIdQF9I48eC9f9i
B_TREE;2000;50;..\samples\btrees\data_csv_files\75000_partially_equal_names.csv;EYKZoTFkVIJKPOdKLbmz5QbEtoqiIdQF9I48eC9f9i
B_PLUS_TREE;50;50;..\samples\btrees\data_csv_files\75000_partially_equal_names.csv;EYKZoTFkVIJKPOdKLbmz5QbEtoqiIdQF9I48eC9f9i
B_PLUS_TREE;100;50;..\samples\btrees\data_csv_files\75000_partially_equal_names.csv;EYKZoTFkVIJKPOdKLbmz5QbEtoqiIdQF9I48eC9f9i
B_PLUS_TREE;500;50;..\samples\btrees\data_csv_files\75000_partially_equal_names.csv;EYKZoTFkVIJKPOdKLbmz5QbEtoqiIdQF9I48eC9f9i
B_PLUS_TREE;1000;50;..\samples\btrees\data_csv_files\75000_partially_equal_names.csv;EYKZoTFkVIJKPOdKLbmz5QbEtoqiIdQF9I48eC9f9i
B_PLUS_TREE;1500;50;..\samples\btrees\data_csv_files\75000_partially_equal_names.csv;EYKZoTFkVIJKPOdKLbmz5QbEtoqiIdQF9I48eC9f9i
B_PLUS_TREE;2000;50;..\samples\btrees\data_csv_files\75000_partially_equal_names.csv;EYKZoTFkVIJKPOdKLbmz5QbEtoqiIdQF9I48eC9f9i
B_STAR_TREE;50;50;..\samples\btrees\data_csv_files\75000_partially_equal_names.csv;EYKZoTFkVIJKPOdKLbmz5QbEtoqiIdQF9I48eC9f9i
B_STAR_TREE;100;50;..\samples\btrees\data_csv_files\75000_partially_equal_names.csv;EYKZoTFkVIJKPOdKLbmz5QbEtoqiIdQF9I48eC9f9i
B_STAR_TREE;500;50;..\samples\btrees\data_csv_files\75000_partially_equal_names.csv;EYKZoTFkVIJKPOdKLbmz5QbEtoqiIdQF9I48eC9f9i
B_STAR_TREE;1000;50;..\samples\btrees\data_csv_files\75000_partially_equal_names.csv;EYKZoTFkVIJKPOdKLbmz5QbEtoqiIdQF9I48eC9f9i
B_STAR_TREE;1500;50;..\samples\btrees\data_csv_files\75000_partially_equal_names.csv;EYKZoTFkVIJKPOdKLbmz5QbEtoqiIdQF9I48eC9f9i
B_STAR_TREE;2000;50;..\samples\btrees\data_csv_files\75000_partially_equal_names.csv;EYKZoTFkVIJKPOdKLbmz5QbEtoqiIdQF9I48eC9f9i
B_STAR_PLUS_TREE;50;50;..\samples\btrees\data_csv_files\75000_partially_equal_names.csv;EYKZoTFkVIJKPOdKLbmz5QbEtoqiIdQF9I48eC9f9i
B_STAR_PLUS_TREE;100;50;..\samples\btrees\data_csv_files\75000_partially_equal_names.csv;EYKZoTFkVIJKPOdKLbmz5QbEtoqiIdQF9I48eC9f9i
B_STAR_PLUS_TREE;500;50;..\samples\btrees\data_csv_files\75000_partially_equal_names.csv;EYKZoTFkVIJKPOdKLbmz5QbEtoqiIdQF9I48eC9f9i
B_STAR_PLUS_TREE;1000;50;..\samples\btrees\data_csv_files\75000_partially_equal_names.csv;EYKZoTFkVIJKPOdKLbmz5QbEtoqiIdQF9I48eC9f9i
B_STAR_PLUS_TREE;1500;50;..\samples\btrees\data_csv_files\75000_partially_equal_names.csv;EYKZoTFkVIJKPOdKLbmz5QbEtoqiIdQF9I48eC9f9i
B_STAR_PLUS_TREE;2000;50;..\samples\btrees\data_csv_files\75000_partially_equal_names.csv;EYKZoTFkVIJKPOdKLbmz5QbEtoqiIdQF9I48eC9f9i
B_TREE;50;50;..\samples\btrees\data_csv_files\75000_different_names.csv;vJzokgT64aPxA2tfRy0mCh0Eq5KuCWcmsmCNsSX2
B_TREE;100;50;..\samples\btrees\data_csv_files\75000_different_names.csv;vJzokgT64aPxA2tfRy0mCh0Eq5KuCWcmsmCNsSX2
B_TREE;500;50;..\samples\btrees\data_csv_files\75000_different_names.csv;vJzokgT64aPxA2tfRy0mCh0Eq5KuCWcmsmCNsSX2
B_TREE;1000;50;..\samples\btrees\data_csv_files\75000_different_names.csv;vJzokgT64aPxA2tfRy0mCh0Eq5KuCWcmsmCNsSX2
B_TREE;1500;50;..\samples\btrees\data_csv_files\75000_different_names.csv;vJzokgT64aPxA2tfRy0mCh0Eq5KuCWcmsmCNsSX2
B_TREE;2000;50;..\samples\btrees\data_csv_files\75000_different_names.csv;vJzokgT64aPxA2tfRy0mCh0Eq5KuCWcmsmCNsSX2
B_PLUS_TREE;50;50;..\samples\btrees\data_csv_files\75000_different_names.csv;vJzokgT64aPxA2tfRy0mCh0Eq5KuCWcmsmCNsSX2
B_PLUS_TREE;100;50;..\samples\btrees\data_csv_files\75000_different_names.csv;vJzokgT64aPxA2tfRy0mCh0Eq5KuCWcmsmCNsSX2
B_PLUS_TREE;500;50;..\samples\btrees\data_csv_files\75000_different_names.csv;vJzokgT64aPxA2tfRy0mCh0Eq5KuCWcmsmCNsSX2
B_PLUS_TREE;1000;50;..\samples\btrees\data_csv_files\75000_different_names.csv;vJzokgT64aPxA2tfRy0mCh0Eq5KuCWcmsmCNsSX2
B_PLUS_TREE;1500;50;..\samples\btrees\data_csv_files\75000_different_names.csv;vJzokgT64aPxA2tfRy0mCh0Eq5KuCWcmsmCNsSX2
B_PLUS_TREE;2000;50;..\samples\btrees\data_csv_files\75000_different_names.csv;vJzokgT64aPxA2tfRy0mCh0Eq5KuCWcmsmCNsSX2
B_STAR_TREE;50;50;..\samples\btrees\data_csv_files\75000_different_names.csv;vJzokgT64aPxA2tfRy0mCh0Eq5KuCWcmsmCNsSX2
B_STAR_TREE;100;50;..\samples\btrees\data_csv_files\75000_different_names.csv;vJzokgT64aPxA2tfRy0mCh0Eq5KuCWcmsmCNsSX2
B_STAR_TREE;500;50;..\samples\btrees\data_csv_files\75000_different_names.csv;vJzokgT64aPxA2tfRy0mCh0Eq5KuCWcmsmCNsSX2
B_STAR_TREE;1000;50;..\samples\btrees\data_csv_files\75000_different_names.csv;vJzokgT64aPxA2tfRy0mCh0Eq5KuCWcmsmCNsSX2
B_STAR_TREE;1500;50;..\samples\btrees\data_csv_files\75000_different_names.csv;vJzokgT64aPxA2tfRy0mCh0Eq5KuCWcmsmCNsSX2
B_STAR_TREE;2000;50;..\samples\btrees\data_csv_files\75000_different_names.csv;vJzokgT64aPxA2tfRy0mCh0Eq5KuCWcmsmCNsSX2
B_STAR_PLUS_TREE;50;50;..\samples\btrees\data_csv_files\75000_different_names.csv;vJzokgT64aPxA2tfRy0mCh0Eq5KuCWcmsmCNsSX2
B_STAR_PLUS_TREE;100;50;..\samples\btrees\data_csv_files\75000_different_names.csv;vJzokgT64aPxA2tfRy0mCh0Eq5KuCWcmsmCNsSX2
B_STAR_PLUS_TREE;500;50;..\samples\btrees\data_csv_files\75000_different_names.csv;vJzokgT64aPxA2tfRy0mCh0Eq5KuCWcmsmCNsSX2
B_STAR_PLUS_TREE;1000;50;..\samples\btrees\data_csv_files\75000_different_names.csv;vJzokgT64aPxA2tfRy0mCh0Eq5KuCWcmsmCNsSX2
B_STAR_PLUS_TREE;1500;50;..\samples\btrees\data_csv_files\75000_different_names.csv;vJzokgT64aPxA2tfRy0mCh0Eq5KuCWcmsmCNsSX2
B_STAR_PLUS_TREE;2000;50;..\samples\btrees\data_csv_files\75000_different_names.csv;vJzokgT64aPxA2tfRy0mCh0Eq5KuCWcmsmCNsSX2
B_TREE;50;50;..\samples\btrees\data_csv_files\100000_equal_names.csv;r4ZOerCi0wfpa9J8B4cklcMSzjn8ZgfZNUI9CJ26Cn
B_TREE;100;50;..\samples\btrees\data_csv_files\100000_equal_names.csv;r4ZOerCi0wfpa9J8B4cklcMSzjn8ZgfZNUI9CJ26Cn
B_TREE;500;50;..\samples\btrees\data_csv_files\100000_equal_names.csv;r4ZOerCi0wfpa9J8B4cklcMSzjn8ZgfZNUI9CJ26Cn
B_TREE;1000;50;..\samples\btrees\data_csv_files\100000_equal_names.csv;r4ZOerCi0wfpa9J8B4cklcMSzjn8ZgfZNUI9CJ26Cn
B_TREE;1500;50;..\samples\btrees\data_csv_files\100000_equal_names.csv;r4ZOerCi0wfpa9J8B4cklcMSzjn8ZgfZNUI9CJ26Cn
B_TREE;2000;50;..\samples\btrees\data_csv_files\100000_equal_names.csv;r4ZOerCi0wfpa9J8B4cklcMSzjn8ZgfZNUI9CJ26Cn
B_PLUS_TREE;50;50;..\samples\btrees\data_csv_files\100000_equal_names.csv;r4ZOerCi0wfpa9J8B4cklcMSzjn8ZgfZNUI9CJ26Cn
B_PLUS_TREE;100;50;..\samples\btrees\data_csv_files\100000_equal_names.csv;r4ZOerCi0wfpa9J8B4cklcMSzjn8ZgfZNUI9CJ26Cn
B_PLUS_TREE;500;50;..\samples\btrees\data_csv_files\100000_equal_names.csv;r4ZOerCi0wfpa9J8B4cklcMSzjn8ZgfZNUI9CJ26Cn
B_PLUS_TREE;1000;50;..\samples\btrees\data_csv_files\100000_equal_names.csv;r4ZOerCi0wfpa9J8B4cklcMSzjn8ZgfZNUI9CJ26Cn
B_PLUS_TREE;1500;50;..\samples\btrees\data_csv_files\100000_equal_names.csv;r4ZOerCi0wfpa9J8B4cklcMSzjn8ZgfZNUI9CJ26Cn
B_PLUS_TREE;2000;50;..\samples\btrees\data_csv_files\100000_equal_names.csv;r4ZOerCi0wfpa9J8B4cklcMSzjn8ZgfZNUI9CJ26Cn
B_STAR_TREE;50;50;..\samples\btrees\data_csv_files\100000_equal_names.csv;r4ZOerCi0wfpa9J8B4cklcMSzjn8ZgfZNUI9CJ26Cn
B_STAR_TREE;100;50;..\samples\btrees\data_csv_files\100000_equal_names.csv;r4ZOerCi0wfpa9J8B4cklcMSzjn8ZgfZNUI9CJ26Cn
B_STAR_TREE;500;50;..\samples\btrees\data_csv_files\100000_equal_names.csv;r4ZOerCi0wfpa9J8B4cklcMSzjn8ZgfZNUI9CJ26Cn
B_STAR_TREE;1000;50;..\samples\btrees\data_csv_files\100000_equal_names.csv;r4ZOerCi0wfpa9J8B4cklcMSzjn8ZgfZNUI9CJ26Cn
B_STAR_TREE;1500;50;..\samples\btrees\data_csv_files\100000_equal_names.csv;r4ZOerCi0wfpa9J8B4cklcMSzjn8ZgfZNUI9CJ26Cn
B_STAR_TREE;2000;50;..\samples\btrees\data_csv_files\100000_equal_names.csv;r4ZOerCi0wfpa9J8B4cklcMSzjn8ZgfZNUI9CJ26Cn
B_STAR_PLUS_TREE;50;50;..\samples\btrees\data_csv_files\100000_equal_names.csv;r4ZOerCi0wfpa9J8B4cklcMSzjn8ZgfZNUI9CJ26Cn
B_STAR_PLUS_TREE;100;50;..\samples\btrees\data_csv_files\100000_equal_names.csv;r4ZOerCi0wfpa9J8B4cklcMSzjn8ZgfZNUI9CJ26Cn
B_STAR_PLUS_TREE;500;50;..\samples\btrees\data_csv_files\100000_equal_names.csv;r4ZOerCi0wfpa9J8B4cklcMSzjn8ZgfZNUI9CJ26Cn
B_STAR_PLUS_TREE;1000;50;..\samples\btrees\data_csv_files\100000_equal_names.csv;r4ZOerCi0wfpa9J8B4cklcMSzjn8ZgfZNUI9CJ26Cn
B_STAR_PLUS_TREE;1500;50;..\samples\btrees\data_csv_files\100000_equal_names.csv;r4ZOerCi0wfpa9J8B4cklcMSzjn8ZgfZNUI9CJ26Cn
B_STAR_PLUS_TREE;2000;50;..\samples\btrees\data_csv_files\100000_equal_names.csv;r4ZOerCi0wfpa9J8B4cklcMSzjn8ZgfZNUI9CJ26Cn
B_TREE;50;50;..\samples\btrees\data_csv_files\100000_partially_equal_names.csv;xdtl6RBSYyuWYC00kxawz0nYAeaMI6QQH0PALIiSn2
B_TREE;100;50;..\samples\btrees\data_csv_files\100000_partially_equal_names.csv;xdtl6RBSYyuWYC00kxawz0nYAeaMI6QQH0PALIiSn2
B_TREE;500;50;..\samples\btrees\data_csv_files\100000_partially_equal_names.csv;xdtl6RBSYyuWYC00kxawz0nYAeaMI6QQH0PALIiSn2
B_TREE;1000;50;..\samples\btrees\data_csv_files\100000_partially_equal_names.csv;xdtl6RBSYyuWYC00kxawz0nYAeaMI6QQH0PALIiSn2
B_TREE;1500;50;..\samples\btrees\data_csv_files\100000_partially_equal_names.csv;xdtl6RBSYyuWYC00kxawz0nYAeaMI6QQH0PALIiSn2
B_TREE;2000;50;..\samples\btrees\data_csv_files\100000_partially_equal_names.csv;xdtl6RBSYyuWYC00kxawz0nYAeaMI6QQH0PALIiSn2
B_PLUS_TREE;50;50;..\samples\btrees\data_csv_files\100000_partially_equal_names.csv;xdtl6RBSYyuWYC00kxawz0nYAeaMI6QQH0PALIiSn2
B_PLUS_TREE;100;50;..\samples\btrees\data_csv_files\100000_partially_equal_names.csv;xdtl6RBSYyuWYC00kxawz0nYAeaMI6QQH0PALIiSn2
B_PLUS_TREE;500;50;..\samples\btrees\data_csv_files\100000_partially_equal_names.csv;xdtl6RBSYyuWYC00kxawz0nYAeaMI6QQH0PALIiSn2
B_PLUS_TREE;1000;50;..\samples\btrees\data_csv_files\100000_partially_equal_names.csv;xdtl6RBSYyuWYC00kxawz0nYAeaMI6QQH0PALIiSn2
B_PLUS_TREE;1500;50;..\samples\btrees\data_csv_files\100000_partially_equal_names.csv;xdtl6RBSYyuWYC00kxawz0nYAeaMI6QQH0PALIiSn2
B_PLUS_TREE;2000;50;..\samples\btrees\data_csv_files\100000_partially_equal_names.csv;xdtl6RBSYyuWYC00kxawz0nYAeaMI6QQH0PALIiSn2
B_STAR_TREE;50;50;..\samples\btrees\data_csv_files\100000_partially_equal_names.csv;xdtl6RBSYyuWYC00kxawz0nYAeaMI6QQH0PALIiSn2
B_STAR_TREE;100;50;..\samples\btrees\data_csv_files\100000_partially_equal_names.csv;xdtl6RBSYyuWYC00kxawz0nYAeaMI6QQH0PALIiSn2
B_STAR_TREE;500;50;..\samples\btrees\data_csv_files\100000_partially_equal_names.csv;xdtl6RBSYyuWYC00kxawz0nYAeaMI6QQH0PALIiSn2
B_STAR_TREE;1000;50;..\samples\btrees\data_csv_files\100000_partially_equal_names.csv;xdtl6RBSYyuWYC00kxawz0nYAeaMI6QQH0PALIiSn2
B_STAR_TREE;1500;50;..\samples\btrees\data_csv_files\100000_partially_equal_names.csv;xdtl6RBSYyuWYC00kxawz0nYAeaMI6QQH0PALIiSn2
B_STAR_TREE;2000;50;..\samples\btrees\data_csv_files\100000_partially_equal_names.csv;xdtl6RBSYyuWYC00kxawz0nYAeaMI6QQH0PALIiSn2
B_STAR_PLUS_TREE;50;50;..\samples\btrees\data_csv_files\100000_partially_equal_names.csv;xdtl6RBSYyuWYC00kxawz0nYAeaMI6QQH0PALIiSn2
B_STAR_PLUS_TREE;100;50;..\samples\btrees\data_csv_files\100000_partially_equal_names.csv;xdtl6RBSYyuWYC00kxawz0nYAeaMI6QQH0PALIiSn2
B_STAR_PLUS_TREE;500;50;..\samples\btrees\data_csv_files\100000_partially_equal_names.csv;xdtl6RBSYyuWYC00kxawz0nYAeaMI6QQH0PALIiSn2
B_STAR_PLUS_TREE;1000;50;..\samples\btrees\data_csv_files\100000_partially_equal_names.csv;xdtl6RBSYyuWYC00kxawz0nYAeaMI6QQH0PALIiSn2
B_STAR_PLUS_TREE;1500;50;..\samples\btrees\data_csv_files\100000_partially_equal_names.csv;xdtl6RBSYyuWYC00kxawz0nYAeaMI6QQH0PALIiSn2
B_STAR_PLUS_TREE;2000;50;..\samples\btrees\data_csv_files\100000_partially_equal_names.csv;xdtl6RBSYyuWYC00kxawz0nYAeaMI6QQH0PALIiSn2
B_TREE;50;50;..\samples\btrees\data_csv_files\100000_different_names.csv;IvkAycMPOUn9vQx9476cs0sl8JxjdtI0NhXBaMNDm
B_TREE;100;50;..\samples\btrees\data_csv_files\100000_different_names.csv;IvkAycMPOUn9vQx9476cs0sl8JxjdtI0NhXBaMNDm
B_TREE;500;50;..\samples\btrees\data_csv_files\100000_different_names.csv;IvkAycMPOUn9vQx9476cs0sl8JxjdtI0NhXBaMNDm
B_TREE;1000;50;..\samples\btrees\data_csv_files\100000_different_names.csv;IvkAycMPOUn9vQx9476cs0sl8JxjdtI0NhXBaMNDm
B_TREE;1500;50;..\samples\btrees\data_csv_files\100000_different_names.csv;IvkAycMPOUn9vQx9476cs0sl8JxjdtI0NhXBaMNDm
B_TREE;2000;50;..\samples\btrees\data_csv_files\100000_different_names.csv;IvkAycMPOUn9vQx9476cs0sl8JxjdtI0NhXBaMNDm
B_PLUS_TREE;50;50;..\samples\btrees\data_csv_files\100000_different_names.csv;IvkAycMPOUn9vQx9476cs0sl8JxjdtI0NhXBaMNDm
B_PLUS_TREE;100;50;..\samples\btrees\data_csv_files\100000_different_names.csv;IvkAycMPOUn9vQx9476cs0sl8JxjdtI0NhXBaMNDm
B_PLUS_TREE;500;50;..\samples\btrees\data_csv_files\100000_different_names.csv;IvkAycMPOUn9vQx9476cs0sl8JxjdtI0NhXBaMNDm
B_PLUS_TREE;1000;50;..\samples\btrees\data_csv_files\100000_different_names.csv;IvkAycMPOUn9vQx9476cs0sl8JxjdtI0NhXBaMNDm
B_PLUS_TREE;1500;50;..\samples\btrees\data_csv_files\100000_different_names.csv;IvkAycMPOUn9vQx9476cs0sl8JxjdtI0NhXBaMNDm
B_PLUS_TREE;2000;50;..\samples\btrees\data_csv_files\100000_different_names.csv;IvkAycMPOUn9vQx9476cs0sl8JxjdtI0NhXBaMNDm
B_STAR_TREE;50;50;..\samples\btrees\data_csv_files\100000_different_names.csv;IvkAycMPOUn9vQx9476cs0sl8JxjdtI0NhXBaMNDm
B_STAR_TREE;100;50;..\samples\btrees\data_csv_files\100000_different_names.csv;IvkAycMPOUn9vQx9476cs0sl8JxjdtI0NhXBaMNDm
B_STAR_TREE;500;50;..\samples\btrees\data_csv_files\100000_different_names.csv;IvkAycMPOUn9vQx9476cs0sl8JxjdtI0NhXBaMNDm
B_STAR_TREE;1000;50;..\samples\btrees\data_csv_files\100000_different_names.csv;IvkAycMPOUn9vQx9476cs0sl8JxjdtI0NhXBaMNDm
B_STAR_TREE;1500;50;..\samples\btrees\data_csv_files\100000_different_names.csv;IvkAycMPOUn9vQx9476cs0sl8JxjdtI0NhXBaMNDm
B_STAR_TREE;2000;50;..\samples\btrees\data_csv_files\100000_different_names.csv;IvkAycMPOUn9vQx9476cs0sl8JxjdtI0NhXBaMNDm
B_STAR_PLUS_TREE;50;50;..\samples\btrees\data_csv_files\100000_different_names.csv;IvkAycMPOUn9vQx9476cs0sl8JxjdtI0NhXBaMNDm
B_STAR_PLUS_TREE;100;50;..\samples\btrees\data_csv_files\100000_different_names.csv;IvkAycMPOUn9vQx9476cs0sl8JxjdtI0NhXBaMNDm
B_STAR_PLUS_TREE;500;50;..\samples\btrees\data_csv_files\100000_different_names.csv;IvkAycMPOUn9vQx9476cs0sl8JxjdtI0NhXBaMNDm
B_STAR_PLUS_TREE;1000;50;..\samples\btrees\data_csv_files\100000_different_names.csv;IvkAycMPOUn9vQx9476cs0sl8JxjdtI0NhXBaMNDm
B_STAR_PLUS_TREE;1500;50;..\samples\btrees\data_csv_files\100000_different_names.csv;IvkAycMPOUn9vQx9476cs0sl8JxjdtI0NhXBaMNDm
B_STAR_PLUS_TREE;2000;50;..\samples\btrees\data_csv_files\100000_different_names.csv;IvkAycMPOUn9vQx9476cs0sl8JxjdtI0NhXBaMNDm
B_TREE;50;50;..\samples\btrees\data_csv_files\Hospital_log.csv;1e consult poliklinisch
B_TREE;100;50;..\samples\btrees\data_csv_files\Hospital_log.csv;1e consult poliklinisch
B_TREE;500;50;..\samples\btrees\data_csv_files\Hospital_log.csv;1e consult poliklinisch
B_TREE;1000;50;..\samples\btrees\data_csv_files\Hospital_log.csv;1e consult poliklinisch
B_TREE;1500;50;..\samples\btrees\data_csv_files\Hospital_log.csv;1e consult poliklinisch
B_TREE;2000;50;..\samples\btrees\data_csv_files\Hospital_log.csv;1e consult poliklinisch
B_PLUS_TREE;50;50;..\samples\btrees\data_csv_files\Hospital_log.csv;1e consult poliklinisch
B_PLUS_TREE;100;50;..\samples\btrees\data_csv_files\Hospital_log.csv;1e consult poliklinisch
B_PLUS_TREE;500;50;..\samples\btrees\data_csv_files\Hospital_log.csv;1e consult poliklinisch
B_PLUS_TREE;1000;50;..\samples\btrees\data_csv_files\Hospital_log.csv;1e consult poliklinisch
B_PLUS_TREE;1500;50;..\samples\btrees\data_csv_files\Hospital_log.csv;1e consult poliklinisch
B_PLUS_TREE;2000;50;..\samples\btrees\data_csv_files\Hospital_log.csv;1e consult poliklinisch
B_STAR_TREE;50;50;..\samples\btrees\data_csv_files\Hospital_log.csv;1e consult poliklinisch
B_STAR_TREE;100;50;..\samples\btrees\data_csv_files\Hospital_log.csv;1e consult poliklinisch
B_STAR_TREE;500;50;..\samples\btrees\data_csv_files\Hospital_log.csv;1e consult poliklinisch
B_STAR_TREE;1000;50;..\samples\btrees\data_csv_files\Hospital_log.csv;1e consult poliklinisch
B_STAR_TREE;1500;50;..\samples\btrees\data_csv_files\Hospital_log.csv;1e consult poliklinisch
B_STAR_TREE;2000;50;..\samples\btrees\data_csv_files\Hospital_log.csv;1e consult poliklinisch
B_STAR_PLUS_TREE;50;50;..\samples\btrees\data_csv_files\Hospital_log.csv;1e consult poliklinisch
B_STAR_PLUS_TREE;100;50;..\samples\btrees\data_csv_files\Hospital_log.csv;1e consult poliklinisch
B_STAR_PLUS_TREE;500;50;..\samples\btrees\data_csv_files\Hospital_log.csv;1e consult poliklinisch
B_STAR_PLUS_TREE;1000;50;..\samples\btrees\data_csv_files\Hospital_log.csv;1e consult poliklinisch
B_STAR_PLUS_TREE;1500;50;..\samples\btrees\data_csv_files\Hospital_log.csv;1e consult poliklinisch
B_STAR_PLUS_TREE;2000;50;..\samples\btrees\data_csv_files\Hospital_log.csv;1e consult poliklinisch
B_TREE;50;50;..\samples\btrees\data_csv_files\University_and_books_eng.csv;Podbelsky
B_TREE;100;50;..\samples\btrees\data_csv_files\University_and_books_eng.csv;Podbelsky
B_TREE;500;50;..\samples\btrees\data_csv_files\University_and_books_eng.csv;Podbelsky
B_TREE;1000;50;..\samples\btrees\data_csv_files\University_and_books_eng.csv;Podbelsky
B_TREE;1500;50;..\samples\btrees\data_csv_files\University_and_books_eng.csv;Podbelsky
B_TREE;2000;50;..\samples\btrees\data_csv_files\University_and_books_eng.csv;Podbelsky
B_PLUS_TREE;50;50;..\samples\btrees\data_csv_files\University_and_books_eng.csv;Podbelsky
B_PLUS_TREE;100;50;..\samples\btrees\data_csv_files\University_and_books_eng.csv;Podbelsky
B_PLUS_TREE;500;50;..\samples\btrees\data_csv_files\University_and_books_eng.csv;Podbelsky
B_PLUS_TREE;1000;50;..\samples\btrees\data_csv_files\University_and_books_eng.csv;Podbelsky
B_PLUS_TREE;1500;50;..\samples\btrees\data_csv_files\University_and_books_eng.csv;Podbelsky
B_PLUS_TREE;2000;50;..\samples\btrees\data_csv_files\University_and_books_eng.csv;Podbelsky
B_STAR_TREE;50;50;..\samples\btrees\data_csv_files\University_and_books_eng.csv;Podbelsky
B_STAR_TREE;100;50;..\samples\btrees\data_csv_files\University_and_books_eng.csv;Podbelsky
B_STAR_TREE;500;50;..\samples\btrees\data_csv_files\University_and_books_eng.csv;Podbelsky
B_STAR_TREE;1000;50;..\samples\btrees\data_csv_files\University_and_books_eng.csv;Podbelsky
B_STAR_TREE;1500;50;..\samples\btrees\data_csv_files\University_and_books_eng.csv;Podbelsky
B_STAR_TREE;2000;50;..\samples\btrees\data_csv_files\University_and_books_eng.csv;Podbelsky
B_STAR_PLUS_TREE;50;50;..\samples\btrees\data_csv_files\University_and_books_eng.csv;Podbelsky
B_STAR_PLUS_TREE;100;50;..\samples\btrees\data_csv_files\University_and_books_eng.csv;Podbelsky
B_STAR_PLUS_TREE;500;50;..\samples\btrees\data_csv_files\University_and_books_eng.csv;Podbelsky
B_STAR_PLUS_TREE;1000;50;..\samples\btrees\data_csv_files\University_and_books_eng.csv;Podbelsky
B_STAR_PLUS_TREE;1500;50;..\samples\btrees\data_csv_files\University_and_books_eng.csv;Podbelsky
B_STAR_PLUS_TREE;2000;50;..\samples\btrees\data_csv_files\University_and_books_eng.csv;Podbelsky
B_TREE;50;100;..\samples\btrees\data_csv_files\University_and_books_eng.csv;Podbelsky
B_TREE;100;100;..\samples\btrees\data_csv_files\University_and_books_eng.csv;Podbelsky
B_TREE;500;100;..\samples\btrees\data_csv_files\University_and_books_eng.csv;Podbelsky
B_TREE;1000;100;..\samples\btrees\data_csv_files\University_and_books_eng.csv;Podbelsky
B_TREE;1500;100;..\samples\btrees\data_csv_files\University_and_books_eng.csv;Podbelsky
B_TREE;2000;100;..\samples\btrees\data_csv_files\University_and_books_eng.csv;Podbelsky
B_PLUS_TREE;50;100;..\samples\btrees\data_csv_files\University_and_books_eng.csv;Podbelsky
B_PLUS_TREE;100;100;..\samples\btrees\data_csv_files\University_and_books_eng.csv;Podbelsky
B_PLUS_TREE;500;100;..\samples\btrees\data_csv_files\University_and_books_eng.csv;Podbelsky
B_PLUS_TREE;1000;100;..\samples\btrees\data_csv_files\University_and_books_eng.csv;Podbelsky
B_PLUS_TREE;1500;100;..\samples\btrees\data_csv_files\University_and_books_eng.csv;Podbelsky
B_PLUS_TREE;2000;100;..\samples\btrees\data_csv_files\University_and_books_eng.csv;Podbelsky
B_STAR_TREE;50;100;..\samples\btrees\data_csv_files\University_and_books_eng.csv;Podbelsky
B_STAR_TREE;100;100;..\samples\btrees\data_csv_files\University_and_books_eng.csv;Podbelsky
B_STAR_TREE;500;100;..\samples\btrees\data_csv_files\University_and_books_eng.csv;Podbelsky
B_STAR_TREE;1000;100;..\samples\btrees\data_csv_files\University_and_books_eng.csv;Podbelsky
B_STAR_TREE;1500;100;..\samples\btrees\data_csv_files\University_and_books_eng.csv;Podbelsky
B_STAR_TREE;2000;100;..\samples\btrees\data_csv_files\University_and_books_eng.csv;Podbelsky
B_STAR_PLUS_TREE;50;100;..\samples\btrees\data_csv_files\University_and_books_eng.csv;Podbelsky
B_STAR_PLUS_TREE;100;100;..\samples\btrees\data_csv_files\University_and_books_eng.csv;Podbelsky
B_STAR_PLUS_TREE;500;100;..\samples\btrees\data_csv_files\University_and_books_eng.csv;Podbelsky
B_STAR_PLUS_TREE;1000;100;..\samples\btrees\data_csv_files\University_and_books_eng.csv;Podbelsky
B_STAR_PLUS_TREE;1500;100;..\samples\btrees\data_csv_files\University_and_books_eng.csv;Podbelsky
B_STAR_PLUS_TREE;2000;100;..\samples\btrees\data_csv_files\University_and_books_eng.csv;Podbelsky
B_TREE;50;500;..\samples\btrees\data_csv_files\University_and_books_eng.csv;Podbelsky
B_TREE;100;500;..\samples\btrees\data_csv_files\University_and_books_eng.csv;Podbelsky
B_TREE;500;500;..\samples\btrees\data_csv_files\University_and_books_eng.csv;Podbelsky
B_TREE;1000;500;..\samples\btrees\data_csv_files\University_and_books_eng.csv;Podbelsky
B_TREE;1500;500;..\samples\btrees\data_csv_files\University_and_books_eng.csv;Podbelsky
B_TREE;2000;500;..\samples\btrees\data_csv_files\University_and_books_eng.csv;Podbelsky
B_PLUS_TREE;50;500;..\samples\btrees\data_csv_files\University_and_books_eng.csv;Podbelsky
B_PLUS_TREE;100;500;..\samples\btrees\data_csv_files\University_and_books_eng.csv;Podbelsky
B_PLUS_TREE;500;500;..\samples\btrees\data_csv_files\University_and_books_eng.csv;Podbelsky
B_PLUS_TREE;1000;500;..\samples\btrees\data_csv_files\University_and_books_eng.csv;Podbelsky
B_PLUS_TREE;1500;500;..\samples\btrees\data_csv_files\University_and_books_eng.csv;Podbelsky
B_PLUS_TREE;2000;500;..\samples\btrees\data_csv_files\University_and_books_eng.csv;Podbelsky
B_STAR_TREE;50;500;..\samples\btrees\data_csv_files\University_and_books_eng.csv;Podbelsky
B_STAR_TREE;100;500;..\samples\btrees\data_csv_files\University_and_books_eng.csv;Podbelsky
B_STAR_TREE;500;500;..\samples\btrees\data_csv_files\University_and_books_eng.csv;Podbelsky
B_STAR_TREE;1000;500;..\samples\btrees\data_csv_files\University_and_books_eng.csv;Podbelsky
B_STAR_TREE;1500;500;..\samples\btrees\data_csv_files\University_and_books_eng.csv;Podbelsky
B_STAR_TREE;2000;500;..\samples\btrees\data_csv_files\University_and_books_eng.csv;Podbelsky
B_STAR_PLUS_TREE;50;500;..\samples\btrees\data_csv_files\University_and_books_eng.csv;Podbelsky
B_STAR_PLUS_TREE;100;500;..\samples\btrees\data_csv_files\University_and_books_eng.csv;Podbelsky
B_STAR_PLUS_TREE;500;500;..\samples\btrees\data_csv_files\University_and_books_eng.csv;Podbelsky
B_STAR_PLUS_TREE;1000;500;..\samples\btrees\data_csv_files\University_and_books_eng.csv;Podbelsky
B_STAR_PLUS_TREE;1500;500;..\samples\btrees\data_csv_files\University_and_books_eng.csv;Podbelsky
B_STAR_PLUS_TREE;2000;500;..\samples\btrees\data_csv_files\University_and_books_eng.csv;Podbelsky
B_TREE;50;1000;..\samples\btrees\data_csv_files\University_and_books_eng.csv;Podbelsky
B_TREE;100;1000;..\samples\btrees\data_csv_files\University_and_books_eng.csv;Podbelsky
B_TREE;500;1000;..\samples\btrees\data_csv_files\University_and_books_eng.csv;Podbelsky
B_TREE;1000;1000;..\samples\btrees\data_csv_files\University_and_books_eng.csv;Podbelsky
B_TREE;1500;1000;..\samples\btrees\data_csv_files\University_and_books_eng.csv;Podbelsky
B_TREE;2000;1000;..\samples\btrees\data_csv_files\University_and_books_eng.csv;Podbelsky
B_PLUS_TREE;50;1000;..\samples\btrees\data_csv_files\University_and_books_eng.csv;Podbelsky
B_PLUS_TREE;100;1000;..\samples\btrees\data_csv_files\University_and_books_eng.csv;Podbelsky
B_PLUS_TREE;500;1000;..\samples\btrees\data_csv_files\University_and_books_eng.csv;Podbelsky
B_PLUS_TREE;1000;1000;..\samples\btrees\data_csv_files\University_and_books_eng.csv;Podbelsky
B_PLUS_TREE;1500;1000;..\samples\btrees\data_csv_files\University_and_books_eng.csv;Podbelsky
B_PLUS_TREE;2000;1000;..\samples\btrees\data_csv_files\University_and_books_eng.csv;Podbelsky
B_STAR_TREE;50;1000;..\samples\btrees\data_csv_files\University_and_books_eng.csv;Podbelsky
B_STAR_TREE;100;1000;..\samples\btrees\data_csv_files\University_and_books_eng.csv;Podbelsky
B_STAR_TREE;500;1000;..\samples\btrees\data_csv_files\University_and_books_eng.csv;Podbelsky
B_STAR_TREE;1000;1000;..\samples\btrees\data_csv_files\University_and_books_eng.csv;Podbelsky
B_STAR_TREE;1500;1000;..\samples\btrees\data_csv_files\University_and_books_eng.csv;Podbelsky
B_STAR_TREE;2000;1000;..\samples\btrees\data_csv_files\University_and_books_eng.csv;Podbelsky
B_STAR_PLUS_TREE;50;1000;..\samples\btrees\data_csv_files\University_and_books_eng.csv;Podbelsky
B_STAR_PLUS_TREE;100;1000;..\samples\btrees\data_csv_files\University_and_books_eng.csv;Podbelsky
B_STAR_PLUS_TREE;500;1000;..\samples\btrees\data_csv_files\University_and_books_eng.csv;Podbelsky
B_STAR_PLUS_TREE;1000;1000;..\samples\btrees\data_csv_files\University_and_books_eng.csv;Podbelsky
B_STAR_PLUS_TREE;1500;1000;..\samples\btrees\data_csv_files\University_and_books_eng.csv;Podbelsky
B_STAR_PLUS_TREE;2000;1000;..\samples\btrees\data_csv_files\University_and_books_eng.csv;Podbelsky
B_TREE;50;5000;..\samples\btrees\data_csv_files\University_and_books_eng.csv;Podbelsky
B_TREE;100;5000;..\samples\btrees\data_csv_files\University_and_books_eng.csv;Podbelsky
B_TREE;500;5000;..\samples\btrees\data_csv_files\University_and_books_eng.csv;Podbelsky
B_TREE;1000;5000;..\samples\btrees\data_csv_files\University_and_books_eng.csv;Podbelsky
B_TREE;1500;5000;..\samples\btrees\data_csv_files\University_and_books_eng.csv;Podbelsky
B_TREE;2000;5000;..\samples\btrees\data_csv_files\University_and_books_eng.csv;Podbelsky
B_PLUS_TREE;50;5000;..\samples\btrees\data_csv_files\University_and_books_eng.csv;Podbelsky
B_PLUS_TREE;100;5000;..\samples\btrees\data_csv_files\University_and_books_eng.csv;Podbelsky
B_PLUS_TREE;500;5000;..\samples\btrees\data_csv_files\University_and_books_eng.csv;Podbelsky
B_PLUS_TREE;1000;5000;..\samples\btrees\data_csv_files\University_and_books_eng.csv;Podbelsky
B_PLUS_TREE;1500;5000;..\samples\btrees\data_csv_files\University_and_books_eng.csv;Podbelsky
B_PLUS_TREE;2000;5000;..\samples\btrees\data_csv_files\University_and_books_eng.csv;Podbelsky
B_STAR_TREE;50;5000;..\samples\btrees\data_csv_files\University_and_books_eng.csv;Podbelsky
B_STAR_TREE;100;5000;..\samples\btrees\data_csv_files\University_and_books_eng.csv;Podbelsky
B_STAR_TREE;500;5000;..\samples\btrees\data_csv_files\University_and_books_eng.csv;Podbelsky
B_STAR_TREE;1000;5000;..\samples\btrees\data_csv_files\University_and_books_eng.csv;Podbelsky
B_STAR_TREE;1500;5000;..\samples\btrees\data_csv_files\University_and_books_eng.csv;Podbelsky
B_STAR_TREE;2000;5000;..\samples\btrees\data_csv_files\University_and_books_eng.csv;Podbelsky
B_STAR_PLUS_TREE;50;5000;..\samples\btrees\data_csv_files\University_and_books_eng.csv;Podbelsky
B_STAR_PLUS_TREE;100;5000;..\samples\btrees\data_csv_files\University_and_books_eng.csv;Podbelsky
B_STAR_PLUS_TREE;500;5000;..\samples\btrees\data_csv_files\University_and_books_eng.csv;Podbelsky
B_STAR_PLUS_TREE;1000;5000;..\samples\btrees\data_csv_files\University_and_books_eng.csv;Podbelsky
B_STAR_PLUS_TREE;1500;5000;..\samples\btrees\data_csv_files\University_and_books_eng.csv;Podbelsky
B_STAR_PLUS_TREE;2000;5000;..\samples\btrees\data_csv_files\University_and_books_eng.csv;Podbelsky
B_TREE;50;10000;..\samples\btrees\data_csv_files\University_and_books_eng.csv;Podbelsky
B_TREE;100;10000;..\samples\btrees\data_csv_files\University_and_books_eng.csv;Podbelsky
B_TREE;500;10000;..\samples\btrees\data_csv_files\University_and_books_eng.csv;Podbelsky
B_TREE;1000;10000;..\samples\btrees\data_csv_files\University_and_books_eng.csv;Podbelsky
B_TREE;1500;10000;..\samples\btrees\data_csv_files\University_and_books_eng.csv;Podbelsky
B_TREE;2000;10000;..\samples\btrees\data_csv_files\University_and_books_eng.csv;Podbelsky
B_PLUS_TREE;50;10000;..\samples\btrees\data_csv_files\University_and_books_eng.csv;Podbelsky
B_PLUS_TREE;100;10000;..\samples\btrees\data_csv_files\University_and_books_eng.csv;Podbelsky
B_PLUS_TREE;500;10000;..\samples\btrees\data_csv_files\University_and_books_eng.csv;Podbelsky
B_PLUS_TREE;1000;10000;..\samples\btrees\data_csv_files\University_and_books_eng.csv;Podbelsky
B_PLUS_TREE;1500;10000;..\samples\btrees\data_csv_files\University_and_books_eng.csv;Podbelsky
B_PLUS_TREE;2000;10000;..\samples\btrees\data_csv_files\University_and_books_eng.csv;Podbelsky
B_STAR_TREE;50;10000;..\samples\btrees\data_csv_files\University_and_books_eng.csv;Podbelsky
B_STAR_TREE;100;10000;..\samples\btrees\data_csv_files\University_and_books_eng.csv;Podbelsky
B_STAR_TREE;500;10000;..\samples\btrees\data_csv_files\University_and_books_eng.csv;Podbelsky
B_STAR_TREE;1000;10000;..\samples\btrees\data_csv_files\University_and_books_eng.csv;Podbelsky
B_STAR_TREE;1500;10000;..\samples\btrees\data_csv_files\University_and_books_eng.csv;Podbelsky
B_STAR_TREE;2000;10000;..\samples\btrees\data_csv_files\University_and_books_eng.csv;Podbelsky
B_STAR_PLUS_TREE;50;10000;..\samples\btrees\data_csv_files\University_and_books_eng.csv;Podbelsky
B_STAR_PLUS_TREE;100;10000;..\samples\btrees\data_csv_files\University_and_books_eng.csv;Podbelsky
B_STAR_PLUS_TREE;500;10000;..\samples\btrees\data_csv_files\University_and_books_eng.csv;Podbelsky
B_STAR_PLUS_TREE;1000;10000;..\samples\btrees\data_csv_files\University_and_books_eng.csv;Podbelsky
B_STAR_PLUS_TREE;1500;10000;..\samples\btrees\data_csv_files\University_and_books_eng.csv;Podbelsky
B_STAR_PLUS_TREE;2000;10000;..\samples\btrees\data_csv_files\University_and_books_eng.csv;Podbelsky
B_TREE;50;50000;..\samples\btrees\data_csv_files\University_and_books_eng.csv;Podbelsky
B_TREE;100;50000;..\samples\btrees\data_csv_files\University_and_books_eng.csv;Podbelsky
B_TREE;500;50000;..\samples\btrees\data_csv_files\University_and_books_eng.csv;Podbelsky
B_TREE;1000;50000;..\samples\btrees\data_csv_files\University_and_books_eng.csv;Podbelsky
B_TREE;1500;50000;..\samples\btrees\data_csv_files\University_and_books_eng.csv;Podbelsky
B_TREE;2000;50000;..\samples\btrees\data_csv_files\University_and_books_eng.csv;Podbelsky
B_PLUS_TREE;50;50000;..\samples\btrees\data_csv_files\University_and_books_eng.csv;Podbelsky
B_PLUS_TREE;100;50000;..\samples\btrees\data_csv_files\University_and_books_eng.csv;Podbelsky
B_PLUS_TREE;500;50000;..\samples\btrees\data_csv_files\University_and_books_eng.csv;Podbelsky
B_PLUS_TREE;1000;50000;..\samples\btrees\data_csv_files\University_and_books_eng.csv;Podbelsky
B_PLUS_TREE;1500;50000;..\samples\btrees\data_csv_files\University_and_books_eng.csv;Podbelsky
B_PLUS_TREE;2000;50000;..\samples\btrees\data_csv_files\University_and_books_eng.csv;Podbelsky
B_STAR_TREE;50;50000;..\samples\btrees\data_csv_files\University_and_books_eng.csv;Podbelsky
B_STAR_TREE;100;50000;..\samples\btrees\data_csv_files\University_and_books_eng.csv;Podbelsky
B_STAR_TREE;500;50000;..\samples\btrees\data_csv_files\University_and_books_eng.csv;Podbelsky
B_STAR_TREE;1000;50000;..\samples\btrees\data_csv_files\University_and_books_eng.csv;Podbelsky
B_STAR_TREE;1500;50000;..\samples\btrees\data_csv_files\University_and_books_eng.csv;Podbelsky
B_STAR_TREE;2000;50000;..\samples\btrees\data_csv_files\University_and_books_eng.csv;Podbelsky
B_STAR_PLUS_TREE;50;50000;..\samples\btrees\data_csv_files\University_and_books_eng.csv;Podbelsky
B_STAR_PLUS_TREE;100;50000;..\samples\btrees\data_csv_files\University_and_books_eng.csv;Podbelsky
B_STAR_PLUS_TREE;500;50000;..\samples\btrees\data_csv_files\University_and_books_eng.csv;Podbelsky
B_STAR_PLUS_TREE;1000;50000;..\samples\btrees\data_csv_files\University_and_books_eng.csv;Podbelsky
B_STAR_PLUS_TREE;1500;50000;..\samples\btrees\data_csv_files\University_and_books_eng.csv;Podbelsky
B_STAR_PLUS_TREE;2000;50000;..\samples\btrees\data_csv_files\University_and_books_eng.csv;Podbelsky
B_TREE;50;100000;..\samples\btrees\data_csv_files\University_and_books_eng.csv;Podbelsky
B_TREE;100;100000;..\samples\btrees\data_csv_files\University_and_books_eng.csv;Podbelsky
B_TREE;500;100000;..\samples\btrees\data_csv_files\University_and_books_eng.csv;Podbelsky
B_TREE;1000;100000;..\samples\btrees\data_csv_files\University_and_books_eng.csv;Podbelsky
B_TREE;1500;100000;..\samples\btrees\data_csv_files\University_and_books_eng.csv;Podbelsky
B_TREE;2000;100000;..\samples\btrees\data_csv_files\University_and_books_eng.csv;Podbelsky
B_PLUS_TREE;50;100000;..\samples\btrees\data_csv_files\University_and_books_eng.csv;Podbelsky
B_PLUS_TREE;100;100000;..\samples\btrees\data_csv_files\University_and_books_eng.csv;Podbelsky
B_PLUS_TREE;500;100000;..\samples\btrees\data_csv_files\University_and_books_eng.csv;Podbelsky
B_PLUS_TREE;1000;100000;..\samples\btrees\data_csv_files\University_and_books_eng.csv;Podbelsky
B_PLUS_TREE;1500;100000;..\samples\btrees\data_csv_files\University_and_books_eng.csv;Podbelsky
B_PLUS_TREE;2000;100000;..\samples\btrees\data_csv_files\University_and_books_eng.csv;Podbelsky
B_STAR_TREE;50;100000;..\samples\btrees\data_csv_files\University_and_books_eng.csv;Podbelsky
B_STAR_TREE;100;100000;..\samples\btrees\data_csv_files\University_and_books_eng.csv;Podbelsky
B_STAR_TREE;500;100000;..\samples\btrees\data_csv_files\University_and_books_eng.csv;Podbelsky
B_STAR_TREE;1000;100000;..\samples\btrees\data_csv_files\University_and_books_eng.csv;Podbelsky
B_STAR_TREE;1500;100000;..\samples\btrees\data_csv_files\University_and_books_eng.csv;Podbelsky
B_STAR_TREE;2000;100000;..\samples\btrees\data_csv_files\University_and_books_eng.csv;Podbelsky
B_STAR_PLUS_TREE;50;100000;..\samples\btrees\data_csv_files\University_and_books_eng.csv;Podbelsky
B_STAR_PLUS_TREE;100;100000;..\samples\btrees\data_csv_files\University_and_books_eng.csv;Podbelsky
B_STAR_PLUS_TREE;500;100000;..\samples\btrees\data_csv_files\University_and_books_eng.csv;Podbelsky
B_STAR_PLUS_TREE;1000;100000;..\samples\btrees\data_csv_files\University_and_books_eng.csv;Podbelsky
B_STAR_PLUS_TREE;1500;100000;..\samples\btrees\data_csv_files\University_and_books_eng.csv;Podbelsky
B_STAR_PLUS_TREE;2000;100000;..\samples\btrees\data_csv_files\University_and_books_eng.csv;Podbelsky
